Event_Time_IST,Login_Name,Database_User,Database_Name,Host_Name,Application_Name,Session_ID,SQL_Text
16-09-2026 15:40,INFRA\bbmpuser2,INFRA\bbmpuser2,EkhataTest,BBMP-DB-VP-15,Microsoft SQL Server Management Studio - Query,83," ALTER proc [dbo].[USP_S_KRS]     @KRSID bigint,     @SASNumber nvarchar(50),  @EPID nvarchar(11), @level int=0    --1 means search by KRSId, 2 means search by SAS ID as     begin         declare @KhataType nvarchar(20)=''  	if @level =0 or @level is null 		begin 			set @level=1 		end  		if @level=1 		begin  		 		  		set @KhataType = (select  case when count(1)>0 then 'A-Khata' else 'B-Khata' end KhataType  		from documentTran with (nolock) where docTrn_KRS_Id=@KRSID and  docTrn_Mdoc_id between 20 and 26 )   		SELECT   distinct    		 [KRS_Id] KRSId     			  ,[KRS_SASNo] AS SASNo     			  ,[KRS_PNR] PNR     			  ,[KRS_MPT_ID] MasterPropertyTypeId    , 			  mpt.MPT_name masterPropertyname 			  ,[KRS_MRT_ID] MasterresidentialTypeId           			  ,[KRS_Street] Street     			  ,[KRS_MStreetId] StreetId     			  ,[KRS_latitude] Latitude     			  ,[KRS_longitude] Longitude     			  ,[KRS_MStsId] StausId               			  ,[KRS_Active]     			  ,[KRS_AdditionalInfo]     			  ,[KRS_CBy] UserId     			  ,[KRS_CDte]     			  ,[KRS_CRole] 			  ,[KRS_IsSSA_applied], 			  pd.propertyAreaPreferenceValue, 		   ms.Name ZoneName,   		   ms.StreetName as StreetName,   		   ms.WardName Wardname , 		   KRS_DoorOrPlotNo DoorOrPlotNo,  		KRS_BuildingOrLand BuildingOrLand, 		KRS_landMark landmark, 		KRS_Pincode Pincode, 		KRS_locality locality, 		KRS_EPID, 		-- newly added for dc 		[KRS_IS_DC_Approved],       [KRS_DC_Approved_Remarks],       [KRS_DC_Approved_By],       [KRS_DC_Approved_Date], 		isnull(KRS_BhoomiLandIdentityType,'') as BhoomiLandIdentityType, 		  			  KRS_AdditionalStreet AdditionalStreet, 			  krs_MPUT_ID PropertyUseType, 			 KRS_IsBDAKhataExist IsBDAKhataExist , 			 isnull(krs_HasPropertyTaxPaidButNoKhata,0)  HasPropertyTaxPaidButNoKhata , 			 @KhataType KhataType, 			 cast( case when  isnull(PDAD_IsDeedBeforeOrAfter2004,'after') ='after' then 0 else 1 end as bit) IsDeedBefore01042004, 			 case when  isnull(PDAD_IsDeedBeforeOrAfter2004,'after') ='after'  then 'Deed after 01.04.2004' 			   when   isnull(PDAD_IsDeedBeforeOrAfter2004,'after') ='before' then 'Deed before 01.04.2004' 			   when   isnull(PDAD_IsDeedBeforeOrAfter2004,'after') ='Notification' then 'Govt Agency Acquiring/Getting land from Govt.' 			   when   isnull(PDAD_IsDeedBeforeOrAfter2004,'after') ='DevAprBDA' then 'Devlopment plan approved by BDA/BMICPA'  			   when   isnull(PDAD_IsDeedBeforeOrAfter2004,'NoDeed') ='NoDeed' then 'NoDeed'  			   when   isnull(PDAD_IsDeedBeforeOrAfter2004,'after') ='tdr' then 'TDR /DRC (Form 3)'  			   end 			  ApplicablePropertyCategory, 			 Isnull(KRS_EasthiSts_Id ,0) EasthiStatus 		  FROM [dbo].[KRS] krs   with (nolock)   		  left JOIN KRS_PropDetailsAsPerDeed pd with (nolock) ON krs.KRS_Id = pd.PDAD_KRS_ID 			 left join Mst_Street ms with (nolock) on krs.KRS_MStreetId = ms.StreetId   		   and krs.KRS_ZoneId = ms.ZoneID and krs.KRS_WardId = ms.WardId   		   left join mst_propertyType mpt on krs.KRS_MPT_ID = mpt.MPT_Id 		  where KRS_Id=@KRSID and krs_active=1     	end else if @level =2 -- search with sas id 	begin 	set @KhataType = (select  case when count(1)>0 then 'A-Khata' else 'B-Khata' end KhataType  		from documentTran with (nolock) where docTrn_KRS_Id=@KRSID and  docTrn_Mdoc_id between 20 and 26 )  		SELECT   distinct    		 [KRS_Id] KRSId     			  ,[KRS_SASNo] AS SASNo     			  ,[KRS_PNR] PNR     			  ,[KRS_MPT_ID] MasterPropertyTypeId    , 			  mpt.MPT_name masterPropertyname 			  ,[KRS_MRT_ID] MasterresidentialTypeId           			  ,[KRS_Street] Street     			  ,[KRS_MStreetId] StreetId     			  ,[KRS_latitude] Latitude     			  ,[KRS_longitude] Longitude     			  ,[KRS_MStsId] StausId               			  ,[KRS_Active]     			  ,[KRS_AdditionalInfo]     			  ,[KRS_CBy] UserId     			  ,[KRS_CDte]     			  ,[KRS_CRole] 			  ,[KRS_IsSSA_applied], 			  pd.propertyAreaPreferenceValue, 		   ms.Name ZoneName,   		   ms.StreetName as StreetName,   		   ms.WardName Wardname , 		   KRS_DoorOrPlotNo DoorOrPlotNo,  		KRS_BuildingOrLand BuildingOrLand, 		KRS_landMark landmark, 		KRS_Pincode Pincode, 		KRS_locality locality, 		KRS_EPID, 		-- newly added for DC 		[KRS_IS_DC_Approved],       [KRS_DC_Approved_Remarks],       [KRS_DC_Approved_By],       [KRS_DC_Approved_Date],  		isnull(KRS_BhoomiLandIdentityType,'') as BhoomiLandIdentityType, 		KRS_AdditionalStreet AdditionalStreet, 			  krs_MPUT_ID PropertyUseType, 			 KRS_IsBDAKhataExist IsBDAKhataExist  , 			 isnull(krs_HasPropertyTaxPaidButNoKhata,0)  HasPropertyTaxPaidButNoKhata, 			 @KhataType KhataType, 			  cast( case when  isnull(PDAD_IsDeedBeforeOrAfter2004,'after') ='after' then 0 else 1 end as bit) IsDeedBefore01042004, 			  case when  isnull(PDAD_IsDeedBeforeOrAfter2004,'after') ='after'  then 'Deed after 01.04.2004' 			   when   isnull(PDAD_IsDeedBeforeOrAfter2004,'after') ='before' then 'Deed before 01.04.2004' 			   when   isnull(PDAD_IsDeedBeforeOrAfter2004,'after') ='Notification' then 'Govt Agency Acquiring/Getting land from Govt.' 			   when   isnull(PDAD_IsDeedBeforeOrAfter2004,'after') ='DevAprBDA' then 'Devlopment plan approved by BDA/BMICPA'  			    when   isnull(PDAD_IsDeedBeforeOrAfter2004,'NoDeed') ='NoDeed' then 'NoDeed'  				when   isnull(PDAD_IsDeedBeforeOrAfter2004,'after') ='tdr' then 'TDR /DRC (Form 3)' 				end 			  ApplicablePropertyCategory,  			  Isnull(KRS_EasthiSts_Id ,0) EasthiStatus 		  FROM [dbo].[KRS] krs    with (nolock) 		   left JOIN KRS_PropDetailsAsPerDeed pd with (nolock) ON krs.KRS_Id = pd.PDAD_KRS_ID 			 left join Mst_Street ms with (nolock) on krs.KRS_MStreetId = ms.StreetId   		   and krs.KRS_ZoneId = ms.ZoneID and krs.KRS_WardId = ms.WardId   		   left join mst_propertyType mpt on krs.KRS_MPT_ID = mpt.MPT_Id 		  where ISNULL(KRS_SASNo,'')=@SASNumber and krs_active=1 	end  	else if @level =3 -- search with EPID id 	begin 	set @KhataType = (select  case when count(1)>0 then 'A-Khata' else 'B-Khata' end KhataType  		from documentTran with (nolock) where docTrn_KRS_Id=@KRSID and  docTrn_Mdoc_id between 20 and 26 )  		SELECT   distinct    		 [KRS_Id] KRSId     			  ,[KRS_SASNo] AS SASNo     			  ,[KRS_PNR] PNR     			  ,[KRS_MPT_ID] MasterPropertyTypeId    , 			  mpt.MPT_name masterPropertyname 			  ,[KRS_MRT_ID] MasterresidentialTypeId           			  ,[KRS_Street] Street     			  ,[KRS_MStreetId] StreetId     			  ,[KRS_latitude] Latitude     			  ,[KRS_longitude] Longitude     			  ,[KRS_MStsId] StausId               			  ,[KRS_Active]     			  ,[KRS_AdditionalInfo]     			  ,[KRS_CBy] UserId     			  ,[KRS_CDte]     			  ,[KRS_CRole] 			  ,[KRS_IsSSA_applied], 			  pd.propertyAreaPreferenceValue, 		   ms.Name ZoneName,   		   ms.StreetName as StreetName,   		   ms.WardName Wardname , 		   KRS_DoorOrPlotNo DoorOrPlotNo,  		KRS_BuildingOrLand BuildingOrLand, 		KRS_landMark landmark, 		KRS_Pincode Pincode, 		KRS_locality locality, 		KRS_EPID, 		-- newly added for dc 		[KRS_IS_DC_Approved],       [KRS_DC_Approved_Remarks],       [KRS_DC_Approved_By],       [KRS_DC_Approved_Date], 		isnull(KRS_BhoomiLandIdentityType,'') as BhoomiLandIdentityType, 		KRS_AdditionalStreet AdditionalStreet, 			  krs_MPUT_ID PropertyUseType, 			 KRS_IsBDAKhataExist IsBDAKhataExist  , 			 isnull(krs_HasPropertyTaxPaidButNoKhata,0)  HasPropertyTaxPaidButNoKhata, 			 @KhataType KhataType, 			  cast( case when  isnull(PDAD_IsDeedBeforeOrAfter2004,'after') ='after' then 0 else 1 end as bit) IsDeedBefore01042004, 			  case when  isnull(PDAD_IsDeedBeforeOrAfter2004,'after') ='after'  then 'Deed after 01.04.2004' 			   when   isnull(PDAD_IsDeedBeforeOrAfter2004,'after') ='before' then 'Deed before 01.04.2004' 			   when   isnull(PDAD_IsDeedBeforeOrAfter2004,'after') ='Notification' then 'Govt Agency Acquiring/Getting land from Govt.' 			   when   isnull(PDAD_IsDeedBeforeOrAfter2004,'after') ='DevAprBDA' then 'Devlopment plan approved by BDA/BMICPA'  			    when   isnull(PDAD_IsDeedBeforeOrAfter2004,'NoDeed') ='NoDeed' then 'NoDeed'  				when   isnull(PDAD_IsDeedBeforeOrAfter2004,'after') ='tdr' then 'TDR /DRC (Form 3)' 				end 			  ApplicablePropertyCategory,  			  Isnull(KRS_EasthiSts_Id ,0) EasthiStatus 		  FROM [dbo].[KRS] krs    with (nolock) 		   left JOIN KRS_PropDetailsAsPerDeed pd with (nolock) ON krs.KRS_Id = pd.PDAD_KRS_ID 			 left join Mst_Street ms with (nolock) on krs.KRS_MStreetId = ms.StreetId   		   and krs.KRS_ZoneId = ms.ZoneID and krs.KRS_WardId = ms.WardId   		   left join mst_propertyType mpt on krs.KRS_MPT_ID = mpt.MPT_Id 		  where ISNULL(KRS_EPID,'')=@EPID and krs_active=1 	end else 	begin 	set @KhataType = (select  case when count(1)>0 then 'A-Khata' else 'B-Khata' end KhataType  		from documentTran with (nolock) where docTrn_KRS_Id=@KRSID and  docTrn_Mdoc_id between 20 and 26 )  		SELECT      distinct 		 [KRS_Id] KRSId     			  ,[KRS_SASNo] AS SASNo     			  ,[KRS_PNR] PNR     			  ,[KRS_MPT_ID] MasterPropertyTypeId    , 			  mpt.MPT_name masterPropertyname 			  ,[KRS_MRT_ID] MasterresidentialTypeId           			  ,[KRS_Street] Street     			  ,[KRS_MStreetId] StreetId     			  ,[KRS_latitude] Latitude     			  ,[KRS_longitude] Longitude     			  ,[KRS_MStsId] StausId               			  ,[KRS_Active]     			  ,[KRS_AdditionalInfo]     			  ,[KRS_CBy] UserId     			  ,[KRS_CDte]     			  ,[KRS_CRole] 			  ,[KRS_IsSSA_applied],  			  pd.propertyAreaPreferenceValue, 		   ms.Name ZoneName,   		   ms.StreetName as StreetName,   		   ms.WardName Wardname , 		   KRS_DoorOrPlotNo DoorOrPlotNo,  		KRS_BuildingOrLand BuildingOrLand, 		KRS_landMark landmark, 		KRS_Pincode Pincode, 		KRS_locality locality, 		KRS_EPID, 		-- newly added for dc 		[KRS_IS_DC_Approved],       [KRS_DC_Approved_Remarks],       [KRS_DC_Approved_By],       [KRS_DC_Approved_Date], 		isnull(KRS_BhoomiLandIdentityType,'') as BhoomiLandIdentityType, 		KRS_AdditionalStreet AdditionalStreet, 			  krs_MPUT_ID PropertyUseType, 			KRS_IsBDAKhataExist  IsBDAKhataExist  , 			 isnull(krs_HasPropertyTaxPaidButNoKhata,0)  HasPropertyTaxPaidButNoKhata, 			 @KhataType KhataType, 			  cast( case when  isnull(PDAD_IsDeedBeforeOrAfter2004,'after') ='after' then 0 else 1 end as bit) IsDeedBefore01042004, 			  case when  isnull(PDAD_IsDeedBeforeOrAfter2004,'after') ='after'  then 'Deed after 01.04.2004' 			   when   isnull(PDAD_IsDeedBeforeOrAfter2004,'after') ='before' then 'Deed before 01.04.2004' 			   when   isnull(PDAD_IsDeedBeforeOrAfter2004,'after') ='Notification' then 'Govt Agency Acquiring/Getting land from Govt.' 			   when   isnull(PDAD_IsDeedBeforeOrAfter2004,'after') ='DevAprBDA' then 'Devlopment plan approved by BDA/BMICPA'  			    when   isnull(PDAD_IsDeedBeforeOrAfter2004,'NoDeed') ='NoDeed' then 'NoDeed'  				when   isnull(PDAD_IsDeedBeforeOrAfter2004,'after') ='tdr' then 'TDR /DRC (Form 3)' 				end 			  ApplicablePropertyCategory,  			  Isnull(KRS_EasthiSts_Id ,0) EasthiStatus 		  FROM [dbo].[KRS] krs    with (nolock) 		   left JOIN KRS_PropDetailsAsPerDeed pd with (nolock) ON krs.KRS_Id = pd.PDAD_KRS_ID 			 left join Mst_Street ms with (nolock) on krs.KRS_MStreetId = ms.StreetId   		   and krs.KRS_ZoneId = ms.ZoneID and krs.KRS_WardId = ms.WardId   		   left join mst_propertyType mpt on krs.KRS_MPT_ID = mpt.MPT_Id 		  where KRS_Id=@KRSID and krs_active=1 	end end "
16-09-2026 15:35,INFRA\bbmpuser2,INFRA\bbmpuser2,EkhataTest,BBMP-DB-VP-15,Microsoft SQL Server Management Studio - Query,116,"update KRS_PropDetailsAsPerDeed set PDAD_IsDeedBeforeOrAfter2004='tdr' where PDAD_KRS_ID in ( 2305, 2307, 2308, 2309, 2316)"
16-09-2026 15:34,INFRA\bbmpuser2,INFRA\bbmpuser2,EkhataTest,BBMP-DB-VP-15,Microsoft SQL Server Management Studio - Query,116," update krs set KRS_ZoneId=8 where KRS_Id in ( 2305, 2307, 2308, 2309, 2316)"
16-09-2026 15:27,INFRA\bbmpuser2,INFRA\bbmpuser2,EkhataTest,BBMP-DB-VP-15,Microsoft SQL Server Management Studio - Query,116, update mst_CaseWorker set cw_UserZoneId=101 where cw_UserRoleId=4
16-09-2026 15:26,INFRA\bbmpuser2,INFRA\bbmpuser2,EkhataTest,BBMP-DB-VP-15,Microsoft SQL Server Management Studio - Query,116,update  mst_CaseWorker set cw_UserRoleId=4 where cw_UserMobile='8722859727' and cw_UserRoleId=3 update mst_citizen set Citz_RolId=4 where Citz_RolId=3 and Citz_MNo='8722859727'
16-09-2026 15:26,INFRA\bbmpuser2,INFRA\bbmpuser2,EkhataTest,BBMP-DB-VP-15,Microsoft SQL Server Management Studio - Query,116,update  mst_CaseWorker set cw_UserRoleId=4 where cw_UserMobile='8722859727' and cw_UserRoleId=3 update mst_citizen set Citz_RolId=4 where Citz_RolId=3 and Citz_MNo='8722859727'
16-09-2026 15:03,INFRA\bbmpuser2,INFRA\bbmpuser2,EkhataTest,BBMP-DB-VP-15,Microsoft SQL Server Management Studio - Query,95," ALTER PROCEDURE [dbo].[USP_U_UpdateDCApproval] (     @KRS_Id BIGINT,     @DC_Approved BIT = NULL,     @DC_Approved_Remarks NVARCHAR(MAX) = NULL,     @DC_ApprovedBy INT ) AS BEGIN     SET NOCOUNT ON;      -- Helps EDMX detect result columns     IF 1 = 0     BEGIN         SELECT              CAST(NULL AS BIGINT) AS KRS_Id,             CAST(NULL AS BIT) AS DC_Approved,             CAST(NULL AS NVARCHAR(MAX)) AS DC_Approved_Remarks,             CAST(NULL AS INT) AS DC_ApprovedBy,             CAST(NULL AS DATETIME) AS DC_ApprovedDate;     END;      UPDATE [EkhataTest].[dbo].[KRS]     SET         KRS_IS_DC_Approved = @DC_Approved,         KRS_DC_Approved_Remarks = @DC_Approved_Remarks,         KRS_DC_Approved_By = @DC_ApprovedBy,         KRS_DC_Approved_Date = GETDATE()     WHERE KRS_Id = @KRS_Id;      SELECT          CAST(KRS_Id AS BIGINT) AS KRS_Id,         CAST(KRS_IS_DC_Approved AS BIT) AS DC_Approved,         CAST(KRS_DC_Approved_Remarks AS NVARCHAR(MAX)) AS DC_Approved_Remarks,         CAST(KRS_DC_Approved_By AS INT) AS DC_ApprovedBy,         CAST(KRS_DC_Approved_Date AS DATETIME) AS DC_ApprovedDate     FROM [EkhataTest].[dbo].[KRS]     WHERE KRS_Id = @KRS_Id; END"
16-09-2026 15:02,INFRA\bbmpuser2,INFRA\bbmpuser2,EkhataTest,BBMP-DB-VP-15,Microsoft SQL Server Management Studio - Query,102," CREATE PROCEDURE [dbo].[USP_S_GetAdrApplications_DashData] (     @KRS_CBy BIGINT ) AS BEGIN     SET NOCOUNT ON;      DECLARE @mobileNo NVARCHAR(20);       /* Get citizen mobile number */     SELECT TOP 1         @mobileNo = Citz_MNo     FROM mst_citizen WITH (NOLOCK)     WHERE Citz_Id = @KRS_CBy       AND Citz_Active = 1;       /* Get KRS data for CaseWorker's mapped zone */     SELECT DISTINCT          CASE             WHEN K.KRS_EPID IS NULL THEN ''             ELSE CAST(K.KRS_EPID AS NVARCHAR(50))         END AS KRS_EPID,          K.KRS_Id,         K.KRS_PNR,          M.GBAZoneName_En AS ZoneName,          '' AS DivisionName,          '' AS WardName,          sts.Sts_Name,          K.KRS_IS_DC_Approved,          CASE             WHEN K.KRS_SASNo IS NULL                  OR K.KRS_SASNo = ''                  OR K.KRS_SASNo = '0'             THEN '-'             ELSE K.KRS_SASNo         END AS SASNo,          CONVERT(NVARCHAR(10), K.KRS_CDte, 103) AS ApplicationDate      FROM KRS K WITH (NOLOCK)      INNER JOIN [masterdb_preprod].[dbo].[mst_AROMapping] M WITH (NOLOCK)         ON K.KRS_ZoneId = M.BBMPZoneID      INNER JOIN mst_CaseWorker CW WITH (NOLOCK)         ON CW.cw_UserZoneId = M.GBAZoneID         AND CW.cw_IsActive = 1      INNER JOIN KRS_PropDetailsAsPerDeed APD WITH (NOLOCK)         ON K.KRS_Id = APD.PDAD_KRS_ID      INNER JOIN Mst_AppStatus sts WITH (NOLOCK)         ON sts.Sts_Id = K.KRS_MStsId      WHERE         CW.cw_UserRoleId = 4         AND CW.cw_UserMobile = @mobileNo          AND K.KRS_Active = 1         AND K.KRS_MStsId >= 8          AND APD.PDAD_IsDeedBeforeOrAfter2004 = 'tdr'      ORDER BY         K.KRS_Id DESC;  END"
16-09-2026 14:59,INFRA\bbmpuser2,INFRA\bbmpuser2,EkhataTest,BBMP-DB-VP-15,Microsoft SQL Server Management Studio - Query,95," CREATE PROCEDURE [dbo].[USP_U_UpdateDCApproval] (     @KRS_Id BIGINT,     @DC_Approved BIT = NULL,     @DC_Approved_Remarks NVARCHAR(MAX) = NULL,     @DC_ApprovedBy INT ) AS BEGIN     SET NOCOUNT ON;      -- Helps EDMX detect result columns     IF 1 = 0     BEGIN         SELECT              CAST(NULL AS BIGINT) AS KRS_Id,             CAST(NULL AS BIT) AS DC_Approved,             CAST(NULL AS NVARCHAR(MAX)) AS DC_Approved_Remarks,             CAST(NULL AS INT) AS DC_ApprovedBy,             CAST(NULL AS DATETIME) AS DC_ApprovedDate;     END;      UPDATE [Ekhata_test].[dbo].[KRS]     SET         KRS_IS_DC_Approved = @DC_Approved,         KRS_DC_Approved_Remarks = @DC_Approved_Remarks,         KRS_DC_Approved_By = @DC_ApprovedBy,         KRS_DC_Approved_Date = GETDATE()     WHERE KRS_Id = @KRS_Id;      SELECT          CAST(KRS_Id AS BIGINT) AS KRS_Id,         CAST(KRS_IS_DC_Approved AS BIT) AS DC_Approved,         CAST(KRS_DC_Approved_Remarks AS NVARCHAR(MAX)) AS DC_Approved_Remarks,         CAST(KRS_DC_Approved_By AS INT) AS DC_ApprovedBy,         CAST(KRS_DC_Approved_Date AS DATETIME) AS DC_ApprovedDate     FROM [Ekhata_test].[dbo].[KRS]     WHERE KRS_Id = @KRS_Id; END"
16-09-2026 14:59,INFRA\bbmpuser2,INFRA\bbmpuser2,EkhataTest,BBMP-DB-VP-15,Microsoft SQL Server Management Studio - Query,85," CREATE proc [dbo].[USP_S_ValidateDCOTP]           @OTP int,           @MobileNO nvarchar(20) --@DeviceID NVARCHAR(20)           as           begin           declare @Count int=0      declare @thresholdLockValue int =4    set  @Count= (select Count(*) from OTP_Tran where otp=@OTP  and MobileNO=@MobileNO and DATEDIFF(MINUTE, cdte,getdate()) <5 and ACTIVE is null    )              print @count    if @count =0 or @Count is null or @Count =''       begin     --check if user is valid and update the failed attempt     update mst_citizen set NoOfFailedAttempt = ISNULL(NoOfFailedAttempt,0)+1 ,    Citz_ACTIVE = case when NoOfFailedAttempt <= @thresholdLockValue then 1 else 0 end,    Citz_AdditionalInfo = case when NoOfFailedAttempt <= @thresholdLockValue then Citz_AdditionalInfo else 'Account is deactivated because of multiple invalid attempts' end ,  Citz_Locked_Date=GETDATE()   where   Citz_MNo=@MobileNO and Citz_RolId=4              end   else    begin     update mst_citizen set NoOfFailedAttempt = 0    where   Citz_MNo=@MobileNO    and Citz_Active=1 and Citz_RolId=4   end         --delete from DCA_OTP where otp=@OTP and  MobileNO= @MobileNO           --update OTP_Tran set ACTIVE=1 where otp=@OTP and  MobileNO=@MobileNO                             SELECT     case when  (@Count>0 and Citz_Active=1)  then cast(1 as bit) else cast(0 as bit) end  isvalidOTP  ,          Citz_Id,  Citz_MNo  , Citz_RolId,Citz_name,citz_zoneid,citz_divisionid,citz_wardid ,     Citz_AdditionalInfo AdditionalInfo,NoOfFailedAttempt      FROM mst_citizen USR            where    Citz_MNo=@MobileNO and Citz_RolId=4             end "
16-09-2026 14:59,INFRA\bbmpuser2,INFRA\bbmpuser2,EkhataTest,BBMP-DB-VP-15,Microsoft SQL Server Management Studio - Query,67,"ALTER TABLE [KRS] ADD     [KRS_IS_DC_Approved] BIT NULL,     [KRS_DC_Approved_Remarks] NVARCHAR(MAX) NULL,     [KRS_DC_Approved_By] INT NULL,     [KRS_DC_Approved_Date] DATETIME NULL;"
16-09-2026 13:00,INFRA\bbmpuser2,INFRA\bbmpuser2,KhataBtoA_prod,BBMP-DB-VP14,Microsoft SQL Server Management Studio - Query,97,"update a set a.Ofcr_CorrectedPropertyUseTypeId=4, a.IndustrialPlotareaAfterRoadWideninginSqmt=a.Ofcr_CorrectedResidentialArea, a.Ofcr_Corrected_IndustrialArea=a.Ofcr_CorrectedResidentialArea from BtoA_MainApp_Officer a where a.Ofcr_BtoA_MainAppId=6387;"
16-09-2026 12:57,INFRA\bbmpuser2,INFRA\bbmpuser2,KhataBtoA_prod,BBMP-DB-VP14,Microsoft SQL Server Management Studio - Query,81," --ALTER TABLE BtoAMainApp ADD App_IsGovtProperty  bit     alter PROCEDURE [dbo].[USP_I_BtoA_JC_Conclusion] ( 	@Level int,     @App_Id INT,     @Conclusion NVARCHAR(200),     @Remarks NVARCHAR(MAX) = NULL,     @CRole INT,     @CBy INT, 	@JC_Concluded_ResidentialAreainSqmt float =null, 	@JC_Concluded_CommercialAreainSqmt float =null, 	@JC_Concluded_IndustrialAreainSqmt float =null ) AS BEGIN     SET NOCOUNT ON;      BEGIN TRY         BEGIN TRANSACTION; 		if(@Level =1 )  --Govt or Private Land Conclusion 		BEGIN 		--truncate table BtoA_JC_Conclusion_GovtLand_MstPlan 		print 'Govt or Private Land Conclusion'         INSERT INTO BtoA_JC_Conclusion_GovtLand_MstPlan         (             App_Id,             Conclusion,             Remarks,             CDte,             CRole,             CBy, 			isActive 			         )         VALUES         (             @App_Id,             @Conclusion,             @Remarks,             GETDATE(),             @CRole,             @CBy,1 			         ); 	  		IF @@ROWCOUNT > 0 		BEGIN  		--	ALTER table BtoA_MainApp_Officer  add Ofcr_Existing_IsGovtProperty bit 				UPDATE MA 			SET 				MA.App_PropertyVerified     = 1, 				MA.App_PropertyVerifiedDate = GETDATE(), 				MA.App_IsGovtProperty       = IIF(@Conclusion = 'Government', 1, 0), 				MA.App_AdditionalInfo       = 'Property is verified by JC' 			FROM BtoAMainApp MA 			WHERE MA.App_Id = @App_Id 			  AND @Conclusion IN ('Government', 'Private');  			     			  	UPDATE MA SET Ofcr_Existing_IsGovtProperty=Ofcr_IsGovtProperty, 			MA.Ofcr_IsGovtProperty = CASE WHEN @Conclusion = 'Government' THEN 1  			WHEN @Conclusion = 'Private' THEN 0 END, MA.UDte = GETDATE(),  			MA.Ofcr_Aditional = ISNULL(MA.Ofcr_Aditional, '') + CASE WHEN ISNULL(MA.Ofcr_Aditional, '') = '' THEN '' ELSE ' '  			END + 'Property is Concluded by JC: ' + @Conclusion  			FROM BtoA_MainApp_Officer MA WHERE MA.Ofcr_BtoA_MainAppId = @App_Id AND @Conclusion IN ('Government', 'Private');   			 			SELECT 				NULL AS Exception, 				CONVERT(BIT, 1) AS Status, 				CASE  					WHEN LTRIM(RTRIM(@Conclusion)) IN ('Private Land', 'Government Land') 					THEN 'The property has been verified successfully' 					ELSE 'The property has been verified successfully' 				END AS MessageToDisplay, 				200 AS responseCode; 			END 		END  	else if(@Level =2 )  --Master Pland and RI Corrected Property use type Correction 		BEGIN         INSERT INTO BtoA_JC_Conclusion_GovtLand_MstPlan         (             App_Id,             Conclusion,             Remarks,             CDte,             CRole,             CBy, 			isActive   		         )         VALUES         (             @App_Id,             @Conclusion,             @Remarks,             GETDATE(),             @CRole,             @CBy, 			1           ); 	 	IF @@ROWCOUNT > 0 	BEGIN 	 			UPDATE BtoAMainApp 			SET 				App_Concluded_PropertyUseType = @Conclusion, 				App_MasterPlanMismatchVerified=1, 				App_MasterPlanMismatchVerifiedDate=GETDATE(), 				App_AdditionalInfo = 					CASE 						WHEN ISNULL(App_AdditionalInfo, '') = '' 							THEN @Conclusion 						ELSE App_AdditionalInfo + ' | ' + @Conclusion 					END, 				App_JC_Concluded_Remarks=@Remarks, 				App_UDte = GETDATE()  			WHERE App_Id = @App_Id;  			UPDATE BtoA_MainApp_Officer 			SET 			    Ofcr_Existing_CorrectedPropertyUseTypeId = 				Ofcr_CorrectedPropertyUseTypeId, 			   			    Ofcr_Existing_CorrectedPropertyUseTypeValue =Ofcr_CorrectedPropertyUseTypeValue, 			Ofcr_CorrectedPropertyUseTypeId= 			  CASE 			            WHEN @conclusion = 'Commercial' THEN 1 			            WHEN @conclusion = 'Residential' THEN 2 						WHEN @conclusion = 'Industrial' THEN 4 						WHEN @conclusion = 'Mixed' THEN 4 			 						ELSE 0 			        END, 				Ofcr_CorrectedPropertyUseTypeValue=@Conclusion, 				 UDte = GETDATE(),  			 Ofcr_Aditional = ISNULL( Ofcr_Aditional, '') + CASE WHEN ISNULL( Ofcr_Aditional, '') = '' THEN '' ELSE ' '  			END + 'Property Usage Type is Concluded by JC: ' + @Conclusion 			WHERE  Ofcr_BtoA_MainAppId=@App_Id  	 	SELECT 			NULL AS Exception, 			CONVERT(BIT, 1) AS Status, 			'The KSRSAC Master Plan 2015 Property  and RI Corrected Property   has been verified Successuflly' AS MessageToDisplay, 			200 AS responseCode; 	END 		END  		else 		begin 		 select ERROR_MESSAGE() as Exception, CONVERT(bit, 0 ) as Status,  'invalid level is passed for this application'  as MessageToDisplay, 400 as responseCode 		end          COMMIT TRANSACTION; 		      END TRY     BEGIN CATCH          IF @@TRANCOUNT > 0             ROLLBACK TRANSACTION; 			 select ERROR_MESSAGE() as Exception, CONVERT(bit, 0 ) as Status,  'Error in Updating the records'  as MessageToDisplay, 400 as responseCode                            END CATCH END;  "
16-09-2026 11:26,INFRA\bbmpuser2,INFRA\bbmpuser2,KhataBtoA_preprod,BBMP-DB-VP14,Microsoft SQL Server Management Studio,91,"CREATE TABLE [dbo].[EpidStatusIsPendingButMarkedAs1] ( [epid] nvarchar(50) NOT NULL, [single_site_id] nvarchar(50) NOT NULL, [qc_status] nvarchar(50) NOT NULL, [single_plot_server_updated] nvarchar(50) NOT NULL, [road_id] int NOT NULL, [road_name] nvarchar(100) NOT NULL, [road_type] nvarchar(50) NOT NULL, [actual_road_ID] int NOT NULL, [Actual_road_name] nvarchar(100) NOT NULL, [mst_plan_property_use_type] nvarchar(50) NOT NULL, [site_area] float NOT NULL );"
16-09-2026 11:12,INFRA\bbmpuser2,INFRA\bbmpuser2,ekhata,BBMP-DB-VP-15,Microsoft SQL Server Management Studio - Query,108,"update KhataBtoA_prod.dbo.BtoA_EPIDMetaData set MD_JSON='{""KRSId"":268258,""PropertyID"":""6025661180"",""PropertyCategory"":""Vacant Site"",""PropertyClassification"":""-"",""WardNumber"":""132"",""WardName"":""Attiguppe"",""ZoneID"":""107"",""ZoneName"":""Malleshwaram"",""LATITUDE"":""12.9612801076051"",""LONGITUDE"":""77.5247124680534"",""StreetName"":""NAGARA BHAVI 1ST STAGE SKYLINE CITY 2ND BLOCK"",""Streetcode"":""209.0"",""SASApplicationNumber"":""2002374177"",""IsMuation"":""N"",""KaveriRegistrationNumber"":[{""KaveriRegistrationNumber"":""NGB-1-09182-2020-21"",""KaveriECNumber"":""NGB-EC-A-718929-2026-27""}],""AssessmentNumber"":"""",""courtStay"":"""",""enquiryDispute"":"""",""CheckBandi"":{""North"":""Site No 681F"",""South"":""Road"",""East"":""Site No 2"",""West"":""New Skyline Apartment""},""SiteDetails"":{""SiteArea"":204,""Dimensions"":{""EastWest"":""37.48"",""NorthSouth"":""60.11""},""IsGPSLocatonCorrect"":null,""CorrectedLatitude"":null,""CorrectedLongitude"":null,""propertyUseType"":null,""CommercialArea"":null,""ResidentialArea"":null,""IndustrialArea"":null,""isCornerPlot"":false,""roadFacingSides"":0,""roadDetails"":null},""OwnerDetails"":[{""IdType"":""AADHAR"",""IdNumber"":""8409738367807878"",""OwnerName"":""Smt.SUHASINI.G"",""OwnerAddress"":""WO Krishnamurthy,24New No 1,Venkatareddy Layout,3rd Cross,6th Block Koramangala,,Koramangala,560095"",""IdentifierName"":""Suhasini Gunturu"",""RelationShipType"":""-"",""Gender"":""-"",""MobileNumber"":""9980275897"",""ISCOMPANY"":""0"",""COMPANYNAME"":""""}]}' where MD_MotherEPID='6025661180'"
16-09-2026 11:10,INFRA\bbmpuser2,INFRA\bbmpuser2,ekhata,BBMP-DB-VP-15,Microsoft SQL Server Management Studio - Query,108,"update KhataBtoA_prod.dbo.BtoA_EPIDMetaData set MD_JSON='{""KRSId"":269157,""PropertyID"":""6051428338"",""PropertyCategory"":""Vacant Site"",""PropertyClassification"":""-"",""WardNumber"":""132"",""WardName"":""Attiguppe"",""ZoneID"":""107"",""ZoneName"":""Malleshwaram"",""LATITUDE"":""12.9613232364782"",""LONGITUDE"":""77.5248948582665"",""StreetName"":""NAGARA BHAVI 1ST STAGE SKYLINE CITY 2ND BLOCK"",""Streetcode"":""209.0"",""SASApplicationNumber"":""2002374354"",""IsMuation"":""N"",""KaveriRegistrationNumber"":[{""KaveriRegistrationNumber"":""NGB-1-09045-2020-21"",""KaveriECNumber"":""NGB-EC-A-719394-2026-27""}],""AssessmentNumber"":"""",""courtStay"":"""",""enquiryDispute"":"""",""CheckBandi"":{""North"":""BDA Site No 681H"",""South"":""Road"",""East"":""Road"",""West"":""Site No 2, formed in the Same Land in Survey No 120""},""SiteDetails"":{""SiteArea"":223,""Dimensions"":{""EastWest"":""40"",""NorthSouth"":""60.02""},""IsGPSLocatonCorrect"":null,""CorrectedLatitude"":null,""CorrectedLongitude"":null,""propertyUseType"":null,""CommercialArea"":null,""ResidentialArea"":null,""IndustrialArea"":null,""isCornerPlot"":false,""roadFacingSides"":0,""roadDetails"":null},""OwnerDetails"":[{""IdType"":""AADHAR"",""IdNumber"":""3214522122121827"",""OwnerName"":""Mr.RAVI KUMAR.J.A"",""OwnerAddress"":""SO Ashwathiah, 14,4th Cross,Near Sidhartha School,Chowdiah Block,560032"",""IdentifierName"":""Ravi Kumar J A"",""RelationShipType"":""-"",""Gender"":""-"",""MobileNumber"":""9482436863"",""ISCOMPANY"":""0"",""COMPANYNAME"":""""}]}' where MD_MotherEPID='6051428338'"
16-09-2026 11:02,INFRA\bbmpuser2,INFRA\bbmpuser2,ekhata,BBMP-DB-VP-15,Microsoft SQL Server Management Studio - Query,108,update KhataBtoA_prod.dbo.BtoAMainApp set App_MotherSASID='2002374354' where App_MotherEPID='6051428338'
16-09-2026 11:02,INFRA\bbmpuser2,INFRA\bbmpuser2,ekhata,BBMP-DB-VP-15,Microsoft SQL Server Management Studio - Query,108, update KhataBtoA_prod.dbo.BtoAMainApp set App_MotherSASID='2002374177' where App_MotherEPID='6025661180'
15-09-2026 11:28,INFRA\bbmpuser2,INFRA\bbmpuser2,KhataBtoA_prod,BBMP-DB-VP14,Microsoft SQL Server Management Studio - Query,77,"ALTER PROC [dbo].[USP_S_PaymentParameter_V1] --73157,1,1 @AppID INT, @cby INT, @crole INT AS BEGIN SET NOCOUNT ON;  ----------------------------------------------------- -- VARIABLES ----------------------------------------------------- DECLARE  @numberofRoadFacing INT=0, @PaymentDate DATETIME = GETDATE(), @GuidenceValueinSqMt FLOAT=0,  @ResArea FLOAT, @ComArea FLOAT, @IndArea FLOAT,  @PropertyUseTypeId INT, @AppCreatedDate DATETIME,  @dcConversionValue FLOAT = 0, @penaltyMultiplier INT = 2, @DCWithPenalty FLOAT = 0, @dcRes FLOAT = 0, @dcNonRes FLOAT = 0, @ErrMsg NVARCHAR(300), @FinalGV float, @AppDisplayId varchar(50), @IsGovtLand bit  ----------------------------------------------------- -- RESULT TABLE ----------------------------------------------------- DECLARE @Result TABLE ( PropertyTypeId INT, PropertyType NVARCHAR(50), FeesName NVARCHAR(200), TotalAreaInSqMt FLOAT, Amount FLOAT, Discount FLOAT, NetAmount FLOAT, Multiplier FLOAT, Percentagee FLOAT, StepNameId INT, StepName NVARCHAR(100), GuidenceValue FLOAT, Message NVARCHAR(500) )  ---------------------------------- ------------------- -- FETCH DATA ----------------------------------------------------- --SELECT  --@numberofRoadFacing = oa.Ofcr_RoadFacingSides, --@ResArea = oa.ResidentialPlotareaAfterRoadWideninginSqmt, --@ComArea = oa.CommercialPlotareaAfterRoadWideninginSqmt, --@IndArea = oa.IndustrialPlotareaAfterRoadWideninginSqmt, --@PropertyUseTypeId = oa.Ofcr_CorrectedPropertyUseTypeId, --@GuidenceValueinSqMt = gv.GuidanceValueSqMt, --@AppDisplayId=oa.ApplicationDisplayId, --@IsGovtLand=oa.Ofcr_IsGovtProperty, --@AppCreatedDate = cast(a.App_Cdte as date) --FROM BtoAMainApp a --inner JOIN (select Ofcr_BtoA_MainAppId,Ofcr_RoadFacingSides,ResidentialPlotareaAfterRoadWideninginSqmt,CommercialPlotareaAfterRoadWideninginSqmt,  --IndustrialPlotareaAfterRoadWideninginSqmt,Ofcr_CorrectedPropertyUseTypeId,ApplicationDisplayId,Ofcr_IsGovtProperty --from BtoA_MainApp_Officer) oa ON a.App_Id=oa.Ofcr_BtoA_MainAppId --inner JOIN ( --    SELECT TOP 1 mrk.GuidanceValueSqMt,@AppID AppId  --    FROM BtoA_SiteRoadDetails_Officer aso --    JOIN [masterDB_prod].dbo.MstRoadKSRAC mrk --        ON aso.BtoA_RoadId =mrk.Road_ID and  --	ltrim(rtrim(aso.BtoA_RoadName))=ltrim(rtrim(mrk.Road_Name))	-- Added on 24-07-2026 02:42 PM --    WHERE aso.BtoA_MainAppId=@AppID and ISNULL(aso.IsRMPPropersed, 'N') = 'N' --    ORDER BY mrk.GuidanceValueSqMt DESC --) GV ON a.App_Id=gv.AppId --WHERE a.App_Id=@AppID  SELECT    @numberofRoadFacing = oa.Ofcr_RoadFacingSides, @ResArea = oa.ResidentialPlotareaAfterRoadWideninginSqmt, @ComArea = oa.CommercialPlotareaAfterRoadWideninginSqmt, @IndArea = oa.IndustrialPlotareaAfterRoadWideninginSqmt, @PropertyUseTypeId = oa.Ofcr_CorrectedPropertyUseTypeId, @GuidenceValueinSqMt = gv.GuidanceValueSqMt, @AppDisplayId=oa.ApplicationDisplayId, @IsGovtLand=oa.Ofcr_IsGovtProperty, @AppCreatedDate = cast(a.App_Cdte as date)  FROM BtoAMainApp a  INNER JOIN (     SELECT Ofcr_BtoA_MainAppId, Ofcr_RoadFacingSides, ResidentialPlotareaAfterRoadWideninginSqmt,            CommercialPlotareaAfterRoadWideninginSqmt, IndustrialPlotareaAfterRoadWideninginSqmt,            Ofcr_CorrectedPropertyUseTypeId, ApplicationDisplayId, Ofcr_IsGovtProperty     FROM BtoA_MainApp_Officer ) oa ON a.App_Id = oa.Ofcr_BtoA_MainAppId  INNER JOIN (     SELECT TOP 1 mrk.GuidanceValueSqMt, @AppID AppId ,cby,CRole     FROM BtoA_SiteRoadDetails_Officer aso     JOIN [masterDB_prod].dbo.MstRoadKSRAC mrk         ON aso.BtoA_RoadId = mrk.Road_ID        AND ltrim(rtrim(aso.BtoA_RoadName)) = ltrim(rtrim(mrk.Road_Name))   -- Added on 24-07-2026 02:42 PM     WHERE aso.BtoA_MainAppId = @AppID        AND ISNULL(aso.IsRMPPropersed, 'N') = 'N'     ORDER BY          CASE aso.CRole WHEN 118 THEN 1 WHEN 117 THEN 2 ELSE 3 END,  -- QC beats RI beats anything else         mrk.GuidanceValueSqMt DESC                                  -- within same priority, highest value wins ) GV ON a.App_Id = gv.AppId  WHERE a.App_Id = @AppID     ----------------------------------------------------------- --Appid excluded -----------------------------------------------------------  IF EXISTS (     SELECT 1 FROM BtoAMainApp a WHERE a.App_MotherEPID IN ('3577804758','3445675546','3444517696','3444536028','3444021054','3444150754')     AND a.App_Id IN (7918,7932,7997,7998,10381,11782)     AND a.App_Id = @AppID ) BEGIN       SET @ErrMsg = 'Payment cannot be done. Please contact the helpdesk for more details';          	INSERT INTO @Result VALUES     (@PropertyUseTypeId,'ALL','ERROR',NULL,NULL,NULL,NULL,NULL,NULL,0,'Validation',NULL,@ErrMsg)      GOTO FINAL_OUTPUT END   ----------------------------------------------------- -- VALIDATION: APPLICATION CREATED ON/AFTER 24-AUG-2026 ----------------------------------------------------- -- Added on 25-08-2026 by Nikhil  IF @AppCreatedDate >= '2026-08-24' BEGIN     SET @ErrMsg = 'Dear Citizen, Please do not make the payment for your Single Plot Approval and B to A Khata conversion application until 1:00 AM on 15th Sep 2026, as the system is undergoing a technical upgrade. We regret the inconvenience and appreciate your cooperation.';      INSERT INTO @Result     VALUES     (         @PropertyUseTypeId,         'ALL',         'ERROR',         NULL,         NULL,         NULL,         NULL,         NULL,         NULL,         0,         'Validation',         NULL,         @ErrMsg     );      GOTO FINAL_OUTPUT; END   ----------------------------------------------------- -- VALIDATION Road Name Mismatch			-- Added on 24-07-2026 03:04 PM -----------------------------------------------------  IF EXISTS (     SELECT 1     FROM BtoA_SiteRoadDetails_Officer aso 	inner join BtoAMainApp b on aso.BtoA_MainAppId=b.App_Id     WHERE aso.BtoA_MainAppId = @AppID AND ISNULL(aso.IsRMPPropersed,'N') = 'N' 	and b.App_Active=1 ) AND NOT EXISTS (     SELECT 1     FROM BtoA_SiteRoadDetails_Officer aso     INNER JOIN masterDB_prod.dbo.MstRoadKSRAC mrk  	ON aso.BtoA_RoadId = mrk.Road_ID AND LTRIM(RTRIM(aso.BtoA_RoadName)) = LTRIM(RTRIM(mrk.Road_Name))     WHERE aso.BtoA_MainAppId = @AppID AND ISNULL(aso.IsRMPPropersed,'N') = 'N' ) BEGIN     SET @ErrMsg = 'Action Required. Please wait for 5 to 6 days for this issue to be resolved. If the issue persists after 5 to 6 days, please contact the helpdesk for further assistance. Application ID: ' + @AppDisplayId;      INSERT INTO @Result     VALUES     (         @PropertyUseTypeId,'ALL','ERROR',NULL,NULL,NULL,NULL,NULL,NULL,0,'Validation',NULL,@ErrMsg     );      GOTO FINAL_OUTPUT; END  -- @PropertyUseTypeId  ----------------------------------------------------- -- VALIDATION Property Usage Type added on 27-08-2026 03:20 PM captured by Master Plan Missmatch -----------------------------------------------------  IF ISNULL(@PropertyUseTypeId,0) not in (1,2,3,4) BEGIN     SET @ErrMsg = 'Property Usage Missmatch'      INSERT INTO @Result VALUES     (@PropertyUseTypeId,'ALL','ERROR',NULL,NULL,NULL,NULL,NULL,NULL,0,'Validation',NULL,@ErrMsg)      GOTO FINAL_OUTPUT END  ----------------------------------------------------- -- VALIDATION Govt Land -----------------------------------------------------  IF ISNULL(@IsGovtLand,0)=1 BEGIN     SET @ErrMsg = 'Payment is disabled because the property has been identified as Government Land.  	Please contact the support team for further assistance.'      INSERT INTO @Result VALUES     (@PropertyUseTypeId,'ALL','ERROR',NULL,NULL,NULL,NULL,NULL,NULL,0,'Validation',NULL,@ErrMsg)      GOTO FINAL_OUTPUT END  ----------------------------------------------------- -- VALIDATION Guidence value -----------------------------------------------------   ----------------------------------------------------- -- VALIDATION ----------------------------------------------------- IF ISNULL(@GuidenceValueinSqMt,0)=0 BEGIN     SET @ErrMsg = 'Action Required, Guidance value for this property is not available. Your application is with Joint Commissioner to enter the same. Application ID:' + @AppDisplayId      INSERT INTO @Result VALUES     (@PropertyUseTypeId,'ALL','ERROR',NULL,NULL,NULL,NULL,NULL,NULL,0,'Validation',NULL,@ErrMsg)      GOTO FINAL_OUTPUT END  -- Added on 31st August 2026 15:57 PM greater than 5 sqlmt area is considered  IF @PropertyUseTypeId=3 and (@ComArea is null or @ComArea<=5.0 or @ResArea<=5.0 or @ResArea is null) BEGIN     SET @ErrMsg = 'Something went wrong'      INSERT INTO @Result VALUES     (@PropertyUseTypeId,'ALL','ERROR',NULL,NULL,NULL,NULL,NULL,NULL,0,'Validation',NULL,@ErrMsg)      GOTO FINAL_OUTPUT END else if @PropertyUseTypeId=1 and (@ComArea is null or @ComArea<=5.0) begin     SET @ErrMsg = 'Something went wrong'      INSERT INTO @Result VALUES     (@PropertyUseTypeId,'ALL','ERROR',NULL,NULL,NULL,NULL,NULL,NULL,0,'Validation',NULL,@ErrMsg)      GOTO FINAL_OUTPUT END else if @PropertyUseTypeId=2 and (@ResArea is null or @ResArea<=5.0) begin     SET @ErrMsg = 'Something went wrong'      INSERT INTO @Result VALUES     (@PropertyUseTypeId,'ALL','ERROR',NULL,NULL,NULL,NULL,NULL,NULL,0,'Validation',NULL,@ErrMsg)      GOTO FINAL_OUTPUT END else if @PropertyUseTypeId=4 and (@IndArea is null or @IndArea<=5.0) begin     SET @ErrMsg = 'Something went wrong'      INSERT INTO @Result VALUES     (@PropertyUseTypeId,'ALL','ERROR',NULL,NULL,NULL,NULL,NULL,NULL,0,'Validation',NULL,@ErrMsg)      GOTO FINAL_OUTPUT END  ------------------------------------------------------- ---- DC UPDATE LOGIC ---- -----------------------------------------------------  --IF @PropertyUseTypeId IN (1,2,4) --BEGIN --    UPDATE [KhataBtoA_prod].dbo.btoa_dcconversoinfee    --	SET dc_isConsideredForConversion = 0   --   WHERE dc_appid = @AppID --      AND dc_propertyUseTypeId = @PropertyUseTypeId;  --    ;WITH CTE AS --    ( --        SELECT dc_id, --               ROW_NUMBER() OVER ( --                   PARTITION BY dc_ldg_villagecode  --                   ORDER BY dc_conversionfee DESC --               ) rn --        FROM [KhataBtoA_prod].dbo.btoa_dcconversoinfee  --        WHERE dc_appid = @AppID --          AND dc_propertyUseTypeId = @PropertyUseTypeId --          AND ( --                (@PropertyUseTypeId IN (1,4) AND dc_convertionLandType = 'Non Residential') --             OR (@PropertyUseTypeId = 2 AND dc_convertionLandType = 'Residential') --          ) and dc_remarks<>'999' --    ) --    UPDATE d --    SET d.dc_isConsideredForConversion = 1 --    FROM [KhataBtoA_prod].dbo.btoa_dcconversoinfee d --    JOIN CTE -- c ON d.dc_id = c.dc_id --    WHERE c.rn = 1; --END  --ELSE IF @PropertyUseTypeId = 3 --BEGIN --    UPDATE [KhataBtoA_prod].dbo.btoa_dcconversoinfee --    SET dc_isConsideredForConversion = 0 --    WHERE dc_appid = @AppID --      AND dc_propertyUseTypeId = 3;  --    ;WITH CTE AS --    ( --        SELECT dc_id, --               dc_convertionLandType, --               ROW_NUMBER() OVER ( --                   PARTITION BY dc_ldg_villagecode, dc_convertionLandType --                   ORDER BY dc_conversionfee DESC             --     ) rn          --FROM [KhataBtoA_prod].dbo.btoa_dcconversoinfee --        WHERE dc_appid = @AppID --          AND dc_propertyUseTypeId = 3  and dc_remarks<>'999' --    ) --    UPDATE d --    SET d.dc_isConsideredForConversion = 1 --    FROM [KhataBtoA_prod].dbo.btoa_dcconversoinfee d --    JOIN CTE c ON d.dc_id = c.dc_id --    WHERE c.rn = 1; --END  ------------------------------------------------------- ---- DC CALCULATION -------------------------------------------------------  --IF @PropertyUseTypeId = 3 --BEGIN --    SELECT @dcRes =  --ISNULL(MAX(dc_conversionfee),0) --    FROM [KhataBtoA_prod].dbo.btoa_dcconversoinfee --    WHERE dc_appid = @AppID --      AND dc_propertyUseTypeId = 3 --      AND dc_convertionLandType = 'Residential' --      AND dc_isConsideredForConversion = 1;  --    SELECT @dcNonRes = ISNULL(MAX(dc_conversionfee),0) --    FROM [KhataBtoA_prod].dbo.btoa_dcconversoinfee --    WHERE dc_appid = @AppID --      AND dc_propertyUseTypeId = 3 --      AND dc_convertionLandType = 'Non Residential' --      AND dc_isConsideredForConversion = 1  and dc_remarks<>'999';  --    SET @dcConversionValue = @dcRes + @dcNonRes; --END --ELSE --BEGIN --    SELECT @dcConversionValue = ISNULL(MAX(dc_conversionfee),0) --    FROM [KhataBtoA_prod].dbo.btoa_dcconversoinfee --    WHERE dc_appid = @AppID --      AND -- dc_propertyUseTypeId = @PropertyUseTypeId --      AND dc_isConsideredForConversion = 1 and dc_remarks<>'999'; --END  --SET @DCWithPenalty = @dcConversionValue * @penaltyMultiplier;     ----------------------------------------------------- -- DC UPDATE LOGIC NEW Manual -----------------------------------------------------    DECLARE @DCValue DECIMAL(18,2);       UPDATE dbo.btoa_dcconversoinfee     SET dc_isConsideredForConversion = 0     WHERE dc_appid = @AppID AND dc_propertyUseTypeId = @PropertyUseTypeId;   IF not EXISTS (     SELECT 1     FROM dbo.BtoA_DCConversion a     WHERE a.BtoA_DC_App_Id = @AppID       AND ISNULL(a.BtoA_DC_Conversion_Verified,0) = 1 ) BEGIN       -----------------------------------------------------     -- DC CALCULATION USING AREA * RATE     -----------------------------------------------------       SET @dcRes = 0;     SET @dcNonRes = 0;     SET @dcConversionValue = 0;       IF @PropertyUseTypeId = 3     BEGIN         SET @dcRes    = ISNULL(@ResArea,0) * 22;         SET @dcNonRes = ISNULL(@ComArea,0) * 76;           SET @dcConversionValue = ISNULL(@dcRes,0) + ISNULL(@dcNonRes,0);     END     ELSE IF @PropertyUseTypeId = 2     BEGIN         SET @dcConversionValue = ISNULL(@ResArea,0) * 22;     END     ELSE IF @PropertyUseTypeId IN (1,4)     BEGIN         SET @dcConversionValue = ISNULL(@ComArea,0) * 76;     END       SET @DCWithPenalty = @dcConversionValue * @penaltyMultiplier;     END     ----------------------------------------------------- -- INSERT CALCULATED DC (OUTSIDE IF / ELSE) -----------------------------------------------------   IF @dcConversionValue > 0   BEGIN      IF @PropertyUseTypeId = 3  -- Mixed BEGIN       -- Residential DC     INSERT INTO dbo.btoa_dcconversoinfee     (         dc_appid,         dc_conversionfee,         dc_active,         dc_status,         dc_remarks,         dc_cdate,         dc_cby,         dc_crole,         dc_propertyUseTypeId,         dc_convertionLandType,         dc_isConsideredForConversion     )     VALUES     (         @AppID,         @dcRes,         1,         'Pending',         '',         GETDATE(),         @cby,         @crole,         3,         'Residential',         1     );       -- Non Residential DC     INSERT INTO dbo.btoa_dcconversoinfee     (         dc_appid,         dc_conversionfee,         dc_active,         dc_status,         dc_remarks,         dc_cdate,         dc_cby,         dc_crole,         dc_propertyUseTypeId,         dc_convertionLandType,         dc_isConsideredForConversion     )     VALUES     (         @AppID,         @dcNonRes,         1,         'Pending',         '',         GETDATE(),         @cby,         @crole,         3,         'Non Residential',         1     );   END ELSE IF @PropertyUseTypeId IN (1,2,4)		-- If Residential,Commersial,Industrial BEGIN       INSERT INTO dbo.btoa_dcconversoinfee     (         dc_appid,         dc_conversionfee,         dc_active,         dc_status,         dc_remarks,         dc_cdate,         dc_cby,         dc_crole,         dc_propertyUseTypeId,         dc_convertionLandType,         dc_isConsideredForConversion     )     VALUES     (         @AppID,         @dcConversionValue,         1,         'Pending',         '',         GETDATE(),         @cby,         @crole,         @PropertyUseTypeId,         CASE             WHEN @PropertyUseTypeId = 2 THEN 'Residential'             ELSE 'Non Residential'         END,         1     );   END   END     ----------------------------------------------------- -- LOOP TABLE ---------- ---------------- --------------------------- DECLARE @Loop TABLE (RowId  INT IDENTITY(1,1),PropertyType NVARCHAR(50),Area FLOAT)  IF @PropertyUseTypeId=1 INSERT INTO @Loop VALUES ('Commercial',@ComArea) ELSE IF @PropertyUseTypeId=2 INSERT INTO @Loop VALUES ('Residential',@ResArea) ELSE IF @PropertyUseTypeId=4 INSERT INTO @Loop VALUES ('Industrial',@IndArea) ELSE IF @PropertyUseTypeId=3 BEGIN  INSERT INTO @Loop VALUES ('Commercial',@ComArea)  INSERT INTO @Loop VALUES ('Residential',@ResArea) END  ----------------------------------------------------- -- LOOP ----------------------------------------------------- DECLARE @i INT=1,@max INT SELECT @max=COUNT(*) FROM @Loop  DECLARE @PropName NVARCHAR(50),@CalcArea FLOAT,@GV_Local FLOAT,@LoopType INT,@KTPCActFees FLOAT  WHILE @i<=@max BEGIN   SELECT @PropName=PropertyType,@CalcArea=Area FROM @Loop WHERE RowId=@i   SET @LoopType = CASE    WHEN @PropName='Commercial' THEN 1   WHEN @PropName='Residential' THEN 2   WHEN @PropName='Industrial' THEN 4 END   IF ISNULL(@CalcArea,0)=0  BEGIN     SET @ErrMsg = @PropName + ' area is NULL or 0'      INSERT INTO @Result VALUES     (@PropertyUseTypeId,@PropName,'ERROR',@CalcArea,NULL,NULL,NULL,NULL,NULL,0,'Validation',NULL,@ErrMsg)      GOTO FINAL_OUTPUT  END   SET @GV_Local=@GuidenceValueinSqMt  ---------------- STEP 0 ---------------- INSERT INTO @Result VALUES (@PropertyUseTypeId,@PropName,'Initial GV',@CalcArea,@GV_Local,0,@GV_Local,1,0,0,'Step0',@GV_Local,'Success')  ---------------- STEP 1 ---------------- INSERT INTO @Result SELECT @PropertyUseTypeId,@PropName,GvF_Name,@CalcArea,Guidencevalue,0,Guidencevalue, GvF_FactorInMultiPer_SqMt,GvF_FactorInPercPer_SqMt, 1,'Step1',Guidencevalue,'Success' FROM masterDB_prod.dbo.FN_Mst_GV_Factor_MainFees(1,@LoopType,@CalcArea,0,@PaymentDate,@GV_Local)  SELECT TOP 1 @GV_Local = GuidenceValue FROM @Result WHERE StepNameId = 1  AND PropertyType = @PropName ORDER BY StepNameId DESC  IF NOT EXISTS (SELECT 1 FROM @Result WHERE StepNameId=1 AND PropertyType=@PropName) BEGIN     SET @ErrMsg = 'Step 1 not generated for ' + @PropName     INSERT INTO @Result VALUES (@PropertyUseTypeId,@PropName,'ERROR',@CalcArea,NULL,NULL,NULL,NULL,NULL,1,'Step1',NULL,@ErrMsg)     GOTO FINAL_OUTPUT END  ---------------- STEP 2 ---------------- INSERT INTO @Result SELECT @PropertyUseTypeId,@PropName,SRDF_Name,@CalcArea,RoadFacingGuidenceValue,0,RoadFacingGuidenceValue, SRDF_FactorInMultiPer_SqMt,SRDF_FactorInPercPer_SqMt, 2,'Step2',RoadFacingGuidenceValue,'Success' FROM masterDB_prod.dbo.FN_SiteRdFacingFeesCalculation(@numberofRoadFacing,@PaymentDate,@GV_Local)  SELECT TOP 1 @GV_Local = GuidenceValue FROM @Result WHERE StepNameId = 2  AND PropertyType = @PropName ORDER BY StepNameId DESC  IF NOT EXISTS (SELECT 1 FROM @Result WHERE StepNameId=2 AND PropertyType=@PropName) BEGIN     SET @ErrMsg = 'Step 2 not generated for ' + @PropName     INSERT INTO @Result VALUES (@PropertyUseTypeId,@PropName,'ERROR',@CalcArea,NULL,NULL,NULL,NULL,NULL,2,'Step2',NULL,@ErrMsg)     GOTO FINAL_OUTPUT END  ---------------- STEP 3 ------ ---------- INSERT INTO @Result SELECT @PropertyUseTypeId,@PropName,RdAp_Name,@CalcArea,CalculatedGuidencevalue,0,CalculatedGuidencevalue, RdAp_FactorInMultiPer_SqMt,RdAp_FactorInPercPer_SqMt, 3,'Step3',CalculatedGuidencevalue,'Success' FROM masterDB_prod.dbo.FN_TypeOfRoadApproachFeesCalculation(1,@PaymentDate,@GV_Local)  SELECT TOP 1 @GV_Local = GuidenceValue FROM @Result WHERE StepNameId = 3  AND PropertyType = @PropName ORDER BY StepNameId DESC  IF NOT EXISTS (SELECT 1 FROM @Result WHERE StepNameId=3 AND PropertyType=@PropName) BEGIN     SET @ErrMsg = 'Step 3 not generated for ' + @PropName     INSERT INTO @Result VALUES (@PropertyUseTypeId,@PropName,'ERROR',@CalcArea,NULL,NULL,NULL,NULL,NULL,3,'Step3',NULL,@ErrMsg)     GOTO FINAL_OUTPUT END  ---------------- STEP 4 ---------------- INSERT INTO @Result SELECT @PropertyUseTypeId,@PropName,SUT_Name,@CalcArea,Guidencevalue,0,Guidencevalue, SUT_FactorInMultiPer_SqMt,SUT_FactorInPercPer_SqMt, 4,'Step4',Guidencevalue,'Success' FROM masterDB_prod.dbo.FN_GetUseTypeCombination(@LoopType,@CalcArea,@CalcArea,@CalcArea,@PaymentDate,@GV_Local)  SELECT TOP 1 @GV_Local = GuidenceValue FROM @Result WHERE StepNameId = 4  AND PropertyType = @PropName ORDER BY StepNameId DESC  IF NOT EXISTS (SELECT 1 FROM @Result WHERE StepNameId=4 AND PropertyType=@PropName) BEGIN     SET @ErrMsg = 'Step 4 not generated for ' + @PropName     INSERT INTO @Result VALUES (@PropertyUseTypeId,@PropName,'ERROR',@CalcArea,NULL,NULL,NULL,NULL,NULL,4,'Step4',NULL,@ErrMsg)     GOTO FINAL_OUTPUT END   ---------------- STEP 5 ---------------- INSERT INTO @Result SELECT @PropertyUseTypeId,@PropName,KTCPS_Name,@CalcArea,ScruityFeesAmount,0,ScruityFeesAmount, KTCPS_FactorInMultiPer_SqMt,KTCPS_FactorInPercPer_SqMt, 5,'Step5',Guidencevalue,'Success' FROM masterDB_prod.dbo.FN_Mst_GV_KTCP_ScrutinyFeeFlat(@CalcArea,@PaymentDate,@GV_Local,@LoopType,1)  IF NOT EXISTS (SELECT 1 FROM @Result WHERE StepNameId=5 AND PropertyType=@PropName) BEGIN     SET @ErrMsg = 'Step 5 not generated for ' + @PropName     INSERT INTO @Result VALUES (@PropertyUseTypeId,@PropName,'ERROR',@CalcArea,NULL,NULL,NULL,NULL,NULL,5,'Step5',NULL,@ErrMsg)     GOTO FINAL_OUTPUT END  ------------------------------------------- ---------- -- ✅ FIXED STEP 6 -----------------------------------------------------   INSERT INTO @Result SELECT      @PropertyUseTypeId,     @PropName,     KTCPS_Name,     @CalcArea,     ScruityFeesAmount,     0,     ScruityFeesAmount,     KTCPS_FactorInMultiPer_SqMt,     KTCPS_FactorInPercPer_SqMt,     6,     'Step6',     GuidenceValue,     'Success' FROM masterDB_prod.dbo.FN_Mst_GV_KTCP_ScrutinyFeeFlat (      @CalcArea,     @PaymentDate,     @GV_Local,        @LoopType,     2 )  IF NOT EXISTS (SELECT 1 FROM @Result WHERE StepNameId=6 AND PropertyType=@PropName) BEGIN     SET @ErrMsg = 'Step 6 not generated for ' + @PropName     INSERT INTO @Result VALUES (@PropertyUseTypeId,@PropName,'ERROR',@CalcArea,NULL,NULL,NULL,NULL,NULL,6,'Step6',NULL,@ErrMsg)     GOTO FINAL_OUTPUT END  ---------------- STEP 7 ---------------- --enabled 2% for spa on 29 july 2026 DECLARE @IsBtoA1 INT =0;  IF EXISTS ( select 1 from KhataBtoA_prod.dbo.BtoAMainApp a  where a.App_Id=@AppID AND a.App_Active=1 and a.App_Status>=10 -- and isnull(a.App_Source,'')<>'newkhata' ) begin SET @IsBtoA1=1; end  INSERT INTO @Result SELECT @PropertyUseTypeId,@PropName,CASE      WHEN @IsBtoA1 = 1          THEN KTCPSPA_Name + ' (2%)'     ELSE          KTCPSPA_Name + ' (5%)' END AS FeesName,@CalcArea,SPAFeesAmount,CASE         WHEN @IsBtoA1 = 1         THEN ROUND(SPAFeesAmount * 1.5, 2)         ELSE 0     END,SPAFeesAmount, KTCPSPA_FactorInMultiPer_SqMt,KTCPSPA_FactorInPercPer_SqMt, 7,'Step7',Guidencevalue,'Success' FROM [masterDB_prod].dbo.[FN_Mst_GV_KTCP_SinglePlotFees](@CalcArea,@PaymentDate,@GV_Local,@AppID)  IF NOT EXISTS (SELECT 1 FROM @Result WHERE StepNameId=7 AND PropertyType=@PropName) BEGIN     SET @ErrMsg = 'Step 7 not generated for ' + @PropName     INSERT INTO @Result VALUES (@PropertyUseTypeId,@PropName,'ERROR',@CalcArea,NULL,NULL,NULL,NULL,NULL,7,'Step7',NULL,@ErrMsg)     GOTO FINAL_OUTPUT END ---------------- STEP 8 ---------------- INSERT INTO @Result SELECT @PropertyUseTypeId,@PropName,LKRF_Name,@CalcArea,LakeRejAmount,0,LakeRejAmount, LKRF_FactorInMultiPer_SqMt,LKRF_FactorInPercPer_SqMt, 8,'Step8',@GV_Local,'Success' FROM masterDB_prod.dbo.FN_Mst_GV_Lake_Reg_Fees(@PaymentDate,@CalcArea)  IF NOT EXISTS (SELECT 1 FROM @Result WHERE StepNameId=8 AND PropertyType=@PropName) BEGIN     SET @ErrMsg = 'Step 8 not generated for ' + @PropName     INSERT INTO @Result VALUES (@PropertyUseTypeId,@PropName,'ERROR',@CalcArea,NULL,NULL,NULL,NULL,NULL,8,'Step8',NULL,@ErrMsg)     GOTO FINAL_OUTPUT END  ---------------- STEP 9 - --------------- SELECT @KTPCActFees = MAX(Amount) FROM @Result WHERE StepNameId=6 AND PropertyType=@PropName  INSERT INTO @Result SELECT @PropertyUseTypeId,@PropName,KTPCCS_Name,@CalcArea,ServiceCharge,0,ServiceCharge, KTPCCS_CessFactorInPercPer_SqMt,KTPCCS_CessFactorInPercPer_SqMt, 9,'Step9',ServiceCharge,'Success' FROM masterDB_prod.dbo.FN_Mst_GV_KTCP_Cess_Service_Fee(@PaymentDate,@KTPCActFees)  ---------------- STEP 10 ---------------- DECLARE @Rate FLOAT=0,@TotalImp FLOAT=0  SELECT TOP 1 @Rate = am.RateAtImprovementChargesPerSqmt FROM [KhataBtoA_prod].dbo.BtoA_EPIDMetaData md JOIN masterDB_prod.dbo.mst_AROMapping am ON md.MD_WardId = am.BBMPWardId WHERE md.MD_APP_ID = @AppID  SET @TotalImp = ISNULL(@CalcArea,0) * ISNULL(@Rate,0)  INSERT INTO @Result VALUES (@PropertyUseTypeId,@PropName,'Improvement Charges',@CalcArea,@TotalImp,0,@TotalImp,1,0,10,'Step10',@TotalImp,'Success')  IF ISNULL(@TotalImp,0)=0 BEGIN     SET @ErrMsg = 'Improvement Rate Missing for Ward' 	INSERT INTO @Result VALUES (@PropertyUseTypeId,@PropName,'ERROR',@CalcArea,NULL,NULL,NULL,NULL,NULL,10,'Step10',NULL,@ErrMsg)     GOTO FINAL_OUTPUT END  ----------------------------------------------------- -- STEP 11 DC -----------------------------------------------------  IF @PropertyUseTypeId = 3 BEGIN     -- Residential DC     IF @PropName = 'Residential' AND @dcRes > 0     BEGIN         INSERT INTO @Result VALUES         (@PropertyUseTypeId,@PropName,'DC Conversion ',          @CalcArea,          @dcRes * @penaltyMultiplier,          0,          @dcRes * @penaltyMultiplier,          @penaltyMultiplier,          0,          11,          'Step11',          @GV_Local,          'Success')     END      -- Commercial (Non Residential) DC     IF @PropName = 'Commercial' AND @dcNonRes > 0     BEGIN         INSERT INTO @Result VALUES         (@PropertyUseTypeId,@PropName,'DC Conversion ',          @CalcArea,          @dcNonRes * @penaltyMultiplier,          0,          @dcNonRes * @penaltyMultiplier,          @penaltyMultiplier,          0,          11,          'Step11',          @GV_Local,          'Success')     END END ELSE BEGIN     -- Normal (1,2,4)     IF @DCWithPenalty > 0     BEGIN         INSERT INTO @Result VALUES         (@PropertyUseTypeId,@PropName,'DC Conversion',          @CalcArea,          @DCWithPenalty,          0,          @DCWithPenalty,          @penaltyMultiplier,          0,          11,          'Step11',          @GV_Local,          'Success')     END END  ----------------------------------------------------- -- STEP 12 Software Fee -----------------------------------------------------  ----------------------------------------------------- -- STEP 12 Software Fee (Apply Only Once) -----------------------------------------------------  IF NOT EXISTS  (     SELECT 1      FROM @Result      WHERE StepNameId = 12  ) BEGIN      IF @PropertyUseTypeId IN (1,3,4)     BEGIN         INSERT INTO @Result          VALUES         (             @PropertyUseTypeId,             @PropName,             'Software Charges',             @CalcArea,             10000.00,             0,             10000.00,             0,             0,             12,             'Step12',             @GV_Local,             'Success'         )     END      ELSE IF @PropertyUseTypeId = 2     BEGIN         INSERT INTO @Result          VALUES         (             @PropertyUseTypeId,             @PropName,             'Software Charges',             @CalcArea,             2000.00,             0,   2000.00,             0,             0,             12,             'Step12',             @GV_Local,             'Success'         )     END      ELSE     BEGIN         SET @ErrMsg = 'Step 12 not applicable for ' + @PropName          INSERT INTO @Result          VALUES         (             @PropertyUseTypeId,             @PropName,             'ERROR',             @CalcArea,             NULL,             NULL,             NULL,             NULL,             NULL,             12,             'Step12',             NULL,             @ErrMsg         )          GOTO FINAL_OUTPUT     END  END  SET @i=@i+1 END  ----------------------------------------------------- -- FINAL OUTPUT + INSERT/LOG  ----------------------------------------------------- FINAL_OUTPUT:  UPDATE BtoA_FinalPaymentTrn SET      FPC_Active = 0,     FPC_Remarks = CONCAT(ISNULL(FPC_Remarks,''), ' - Recalculated'),     FPC_UDate = GETDATE(),     FPC_UBy = @cby,     FPC_URole = @crole WHERE FPC_AppId = @AppID AND FPC_Active = 1;  -- ✅ INSERT / LOG ALWAYS EXECUTES IF @ErrMsg IS NOT NULL BEGIN      INSERT INTO BtoA_FinalPaymentTrn     (         FPC_AppId,FPC_Name,FPC_Desc,FPC_AmountCalculated,FPC_NetAmount,         FPC_PayStatus,FPC_Pay_Isdisplay,FPC_Active,FPC_Remarks,         FPC_CDate,FPC_CBy,FPC_CRole,FPC_PaymentDate,FPC_StepName     )     VALUES     (         @AppID,         'Calculation Failed',         @ErrMsg,         0,         0,         0,         1,         1,         @ErrMsg,         GETDATE(),         @cby,         @crole,         GETDATE(),         'ERROR'     ) END ELSE BEGIN        INSERT INTO BtoA_FinalPaymentTrn 	( 	FPC_AppId,FPC_Name,FPC_Desc,FPC_PercentagePerSqmt,FPC_AreaMultiplierPerSqmt, 	FPC_AmountCalculated,FPC_Rebate,FPC_NetAmount,FPC_PayStatus,FPC_Pay_Isdisplay, 	FPC_Active,FPC_Remarks,FPC_AdditionalInfo,FPC_CDate,FPC_CBy,FPC_CRole, 	FPC_PaymentDate,FPC_StepId,FPC_StepName,FPC_CessValue 	) 	SELECT 	@AppID,FeesName,FeesName,Percentagee,Multiplier, 	Amount,Discount,Amount, 	0 	,CASE WHEN StepNameId > 4 THEN 1 ELSE 0 END,1, 	CASE              WHEN @PropertyUseTypeId = 3                  THEN 'Calculation - Mixed - ' + PropertyType             ELSE                  'Calculation - ' + @PropName         END, 	NULL,GETDATE(),@cby,@crole, 	GETDATE(),StepNameId,StepName, 	CASE WHEN StepNameId=9 THEN Amount ELSE NULL END 	FROM @Result END  -- ✅ FINAL RESULT OUTPUT SELECT *  FROM @Result ORDER BY      CASE          WHEN PropertyType = 'Commercial' THEN 1         WHEN PropertyType = 'Residential' THEN 2         WHEN PropertyType = 'Industrial' THEN 3         WHEN PropertyType = 'ALL' THEN 4         ELSE 5     END,     StepNameId   END  "
